<?xml version="1.0" encoding="UTF-8"?>
<project-private xmlns="http://www.netbeans.org/ns/project-private/1">
    <editor-bookmarks xmlns="http://www.netbeans.org/ns/editor-bookmarks/2" lastBookmarkId="0"/>
    <open-files xmlns="http://www.netbeans.org/ns/projectui-open-files/2">
        <group>
            <file>file:/home/diegoplays/dades/UF6/GarciaCasalderreyDiego_M3_UF6_Pt1/src/Classes/Vaixell.java</file>
            <file>file:/home/diegoplays/dades/UF6/GarciaCasalderreyDiego_M3_UF6_Pt1/src/DAO/CategoriaDAO.java</file>
            <file>file:/home/diegoplays/dades/UF6/GarciaCasalderreyDiego_M3_UF6_Pt1/src/Controller/Controlador.java</file>
            <file>file:/home/diegoplays/dades/UF6/GarciaCasalderreyDiego_M3_UF6_Pt1/src/DAO/BDUtil.java</file>
            <file>file:/home/diegoplays/dades/UF6/GarciaCasalderreyDiego_M3_UF6_Pt1/src/Interface/MostraVaixells.java</file>
            <file>file:/home/diegoplays/dades/UF6/GarciaCasalderreyDiego_M3_UF6_Pt1/src/Interface/AfegirCategoria.java</file>
            <file>file:/home/diegoplays/dades/UF6/GarciaCasalderreyDiego_M3_UF6_Pt1/src/Interface/Inici.java</file>
            <file>file:/home/diegoplays/dades/UF6/GarciaCasalderreyDiego_M3_UF6_Pt1/src/Interface/Form.java</file>
            <file>file:/home/diegoplays/dades/UF6/GarciaCasalderreyDiego_M3_UF6_Pt1/src/DAO/VaixellDAO.java</file>
        </group>
    </open-files>
</project-private>
